2024-09-22 16:03:47 ,https://www.daft.ie/share/baileys-court-summerhill-dublin-1-north-circular-road-dublin-1/5858102
2024-09-22 16:04:05 ,https://www.daft.ie/share/1-avoca-terrace-avoca-road-blackrock-stillorgan-co-dublin/5858066
2024-09-22 16:04:48 ,https://www.daft.ie/share/sweetmount-park-dundrum-dublin-14/5858080
2024-09-22 16:05:08 ,https://www.daft.ie/share/clanbrassil-street-lower-dublin-8-portobello-dublin-8/5858055
2024-09-22 16:05:46 ,https://www.daft.ie/share/sherrard-street-lower-dublin-1-north-circular-road-dublin-1/5858069
2024-09-22 16:06:04 ,https://www.daft.ie/share/apartment-26-the-village-enniskerry-road-dubli-stepaside-dublin-18/5858075
2024-09-22 16:06:47 ,https://www.daft.ie/share/ballsbridge-sandymount-ballsbridge-dublin-4/5857843
2024-09-22 16:07:06 ,https://www.daft.ie/share/7-bellgree-green-dublin-15-dublin-15/5857871
2024-09-22 16:07:26 ,https://www.daft.ie/share/hunterswood-ballycullen-dublin-24/5857966
2024-09-22 16:07:44 ,https://www.daft.ie/share/thornfield-square-short-term-clondalkin-dublin-22-dublin-22/5857970
2024-09-22 16:09:00 ,https://www.daft.ie/share/baileys-court-summerhill-dublin-1-north-circular-road-dublin-1/5858102
2024-09-22 16:09:20 ,https://www.daft.ie/share/1-avoca-terrace-avoca-road-blackrock-stillorgan-co-dublin/5858066
2024-09-22 16:09:54 ,https://www.daft.ie/share/sweetmount-park-dundrum-dublin-14/5858080
2024-09-22 16:10:37 ,https://www.daft.ie/share/sherrard-street-lower-dublin-1-north-circular-road-dublin-1/5858069
2024-09-22 16:11:27 ,https://www.daft.ie/share/ballsbridge-sandymount-ballsbridge-dublin-4/5857843
2024-09-22 16:11:43 ,https://www.daft.ie/share/7-bellgree-green-dublin-15-dublin-15/5857871
2024-09-22 16:11:59 ,https://www.daft.ie/share/hunterswood-ballycullen-dublin-24/5857966
2024-09-22 16:12:16 ,https://www.daft.ie/share/thornfield-square-short-term-clondalkin-dublin-22-dublin-22/5857970
2024-09-22 16:12:34 ,https://www.daft.ie/share/everton-house-ballyboden-road-rathfarnham-dubli-willbrook-dublin-16/5857986
2024-09-22 16:12:52 ,https://www.daft.ie/share/15-woodstown-rise-dublin-16-knocklyon-dublin-16/5857987
2024-09-22 16:13:31 ,https://www.daft.ie/share/crosbies-yard-ossory-road-dublin-3/5857939
2024-09-22 16:13:49 ,https://www.daft.ie/share/61-norfolk-road-dublin-7-phibsborough-dublin-7/5857859
2024-09-22 16:14:07 ,https://www.daft.ie/share/111-silchester-park-glenageary-glenageary-co-dublin/5857865
2024-09-22 20:23:40 ,https://www.daft.ie/share/1-achill-road-ballybrack-glenageary-ballybrack-co-dublin/5858161
2024-09-22 20:24:05 ,https://www.daft.ie/share/41-hollybank-avenue-lower-dublin-6-ranelagh-dublin-6/5858144
2024-09-22 20:24:59 ,https://www.daft.ie/share/deansgrange-blackrock-co-dublin-blackrock-co-dublin/5850406
2024-09-22 20:25:25 ,https://www.daft.ie/share/clancy-quay-south-circular-road-dublin-8-kilmainham-dublin-8/5822680
2024-09-22 21:11:07 ,https://www.daft.ie/share/98-castlecurragh-park-mulhuddart-dublin-15-dublin-15/5857934
2024-09-25 21:01:30 ,https://www.daft.ie/share/apartment-51-block-b-castle-elms-court-castle-coolock-dublin-17/5859077
2024-09-25 21:02:09 ,https://www.daft.ie/share/dominick-street-upper-dublin-7/5858128
2024-09-25 21:02:47 ,https://www.daft.ie/share/the-innings-observatory-lane-dublin-6-rathmines-dublin-6/5862520
2024-09-25 21:03:09 ,https://www.daft.ie/share/blackthorn-court-sandyford-dublin-18/5862628
2024-09-25 21:03:48 ,https://www.daft.ie/share/35-phibsborough-dublin-7/5862242
2024-09-25 21:04:10 ,https://www.daft.ie/share/liberty-court-lower-clanbrassil-street-dublin-8/5849447
2024-09-25 21:04:31 ,https://www.daft.ie/share/bracken-hill-blackglen-road-sandyford-dublin-18-ballinteer-dublin-16/5861391
2024-09-25 21:04:53 ,https://www.daft.ie/share/griffith-parade-glasnevin-dublin-11/5862539
2024-09-25 21:05:32 ,https://www.daft.ie/share/stoneybatter-arbour-hill-dublin-7/5862238
2024-09-25 21:05:56 ,https://www.daft.ie/share/penrose-street-grand-canal-dock-dublin-2/5862350
2024-09-25 21:06:19 ,https://www.daft.ie/share/talbot-street-dublin-dublin-2/5861892
2024-09-25 21:06:42 ,https://www.daft.ie/share/whitethorn-avenue-beaumont-dublin-9/5862306
2024-09-25 21:15:25 ,https://www.daft.ie/share/hampton-wood-avenue-finglas-dublin-11/5862647
2024-09-25 21:17:31 ,https://www.daft.ie/share/3-main-street-rathfarnham-dublin-14-dublin-14/5862283
2024-09-25 21:18:10 ,https://www.daft.ie/share/clifden-court-ellis-quay-arbour-hill-co-dublin/5860221
2024-09-25 21:18:31 ,https://www.daft.ie/share/1-stanford-park-dublin-18-foxrock-dublin-18/5858724
2024-09-25 21:20:10 ,https://www.daft.ie/share/hampton-wood-avenue-finglas-dublin-11/5862647
2024-09-25 21:20:31 ,https://www.daft.ie/share/lanesborough-crescent-dublin-11-finglas-dublin-11/5862113
2024-09-25 21:22:53 ,https://www.daft.ie/share/clifden-court-ellis-quay-arbour-hill-co-dublin/5860221
2024-09-25 21:23:16 ,https://www.daft.ie/share/1-stanford-park-dublin-18-foxrock-dublin-18/5858724
2024-09-25 21:23:37 ,https://www.daft.ie/share/84-st-columbanus-road-milltown-dublin-6/5862110
2024-09-26 16:37:45 ,https://www.daft.ie/share/d-n-laoghaire-co-dublin-dun-laoghaire-co-dublin/5863732
2024-09-26 16:43:55 ,https://www.daft.ie/share/35-mountjoy-square-dublin-1/5862507
2024-09-27 15:43:33 ,https://www.daft.ie/share/adelaide-road-dublin-2/5864214
2024-09-27 15:44:49 ,https://www.daft.ie/share/essex-street-dublin-2/5865221
2024-09-27 15:45:16 ,https://www.daft.ie/share/woodford-brewery-road-stillorgan-co-dublin/5865433
2024-09-27 15:45:44 ,https://www.daft.ie/share/block-b-mellowes-quay-dublin-8-christchurch-dublin-8/5865185
2024-09-27 15:46:12 ,https://www.daft.ie/share/110-beaufort-downs-rathfarnham-dublin-14-willbrook-dublin-16/5865115
2024-09-27 15:47:28 ,https://www.daft.ie/share/157-lansdowne-park-ballsbridge-dublin-4/5865038
2024-09-27 16:12:48 ,https://www.daft.ie/share/82-belmayne-park-south-belmayne-dublin-13-donaghmede-dublin-13/5865731
2024-09-27 16:13:15 ,https://www.daft.ie/share/lanesborough-road-poppintree-dublin-11/5865776
2024-09-27 16:13:42 ,https://www.daft.ie/share/daleview-park-dale-view-ballybrack-glenageary-ballybrack-co-dublin/5865493
2024-09-27 16:15:10 ,https://www.daft.ie/share/glencairn-lawn-the-gallops-dublin-18-sandyford-dublin-18/5865066
2024-09-27 16:21:25 ,https://www.daft.ie/share/crosbies-yard-ossory-road-dublin-3-east-wall-dublin-3/5865762
2024-09-27 16:27:52 ,https://www.daft.ie/share/10-hampton-square-navan-road-dublin-7-navan-road-d7-dublin-7/5864754
2024-09-27 16:34:28 ,https://www.daft.ie/share/crosbies-yard-ossory-road-dublin-3-east-wall-dublin-3/5865762
2024-09-27 16:35:10 ,https://www.daft.ie/share/86-abbey-drive-d07wf51-ashington-dublin-7/5865017
2024-09-27 16:37:07 ,https://www.daft.ie/share/rivervale-river-road-ashtown-dublin-15/5864910
2024-09-28 11:12:24 ,https://www.daft.ie/share/creston-avenue-dublin-11-finglas-dublin-11/5866362
2024-09-28 11:13:49 ,https://www.daft.ie/share/aulden-grange-dublin-17-kilmore-dublin-5/5866194
2024-09-28 11:15:20 ,https://www.daft.ie/share/cavalry-house-clancy-quay-dublin-8-kilmainham-dublin-8/5866202
2024-09-28 11:19:26 ,https://www.daft.ie/share/sandford-gardens-dublin-8-south-circular-road-co-dublin/5866189
2024-09-28 11:19:58 ,https://www.daft.ie/share/-carnlough-road-dublin-7-cabra-dublin-7/5866205
2024-09-28 11:20:51 ,https://www.daft.ie/share/13-hunters-walk-hunters-wood-dublin-24-ballycullen-dublin-24/5865857
2024-09-28 11:24:32 ,https://www.daft.ie/share/-dublin-12-drimnagh-dublin-12/5866014
2024-09-28 11:25:56 ,https://www.daft.ie/share/apartment-2-victoria-house-4-6-haddington-road-ballsbridge-dublin-4/5866178
2024-09-28 11:27:14 ,https://www.daft.ie/share/kilcross-crescent-sandyford-dublin-18/5866000
2024-09-28 11:30:58 ,https://www.daft.ie/share/drumfinn-avenue-palmerstown-dublin-20/5866055
2024-09-28 11:31:23 ,https://www.daft.ie/share/drumfinn-avenue-palmerstown-dublin-20/5866055
2024-09-28 11:32:26 ,https://www.daft.ie/share/swiftbrook-avenue-jobstown-dublin-24/5866063
2024-09-28 11:33:18 ,https://www.daft.ie/share/clay-farm-walk-stepaside-dublin-18/5866068
2024-09-28 11:33:57 ,https://www.daft.ie/share/federick-street-north-dublin-1/5866077
2024-09-28 11:37:55,https://www.daft.ie/share/marley-drive-rathfarnham-dublin-16/5865927
2024-09-28 11:38:25,https://www.daft.ie/share/apartment-2-spencer-house-70-72-talbot-street-d-dublin-city-centre/5865053
2024-09-28 11:38:57,https://www.daft.ie/share/virginia-heights-dublin-24-tallaght-dublin-24/5865588
2024-09-28 11:39:30,https://www.daft.ie/share/castlewood-park-dublin-6-rathmines-dublin-6/5865065
2024-10-01 20:55:49,https://www.daft.ie/share/143-huntstown-wood-mulhuddart-dublin-15-huntstown-dublin-15/5869638
2024-10-01 20:56:16,https://www.daft.ie/share/cromcastle-drive-dublin-5-kilmore-dublin-5/5869172
2024-10-01 20:56:43,https://www.daft.ie/share/the-crescent-park-west-pointe-yea-park-west-dublin-12/5866690
2024-10-01 20:57:10,https://www.daft.ie/share/main-street-clongriffin-dublin-13/5869500
2024-10-01 21:00:39,https://www.daft.ie/share/park-drive-avenue-castleknock-dublin-15/5869350
2024-10-01 21:01:07,https://www.daft.ie/share/park-drive-avenue-castleknock-dublin-15/5869359
2024-10-01 21:01:34,https://www.daft.ie/share/simmonscourt-terrace-dublin-4-donnybrook-dublin-4/5869188
2024-10-01 21:02:02,https://www.daft.ie/share/northwood-santry-dublin-9-ireland-santry-dublin-9/5868862
2024-10-01 21:02:29,https://www.daft.ie/share/lissadel-avenue-dublin-12-drimnagh-dublin-12/5869203
2024-10-01 21:08:04,https://www.daft.ie/share/20-forth-road-dublin-3-north-wall-dublin-1/5869170
2024-10-01 21:08:33,https://www.daft.ie/share/melville-dublin-11-finglas-dublin-11/5868585
2024-10-01 21:27:40,https://www.daft.ie/share/shanowen-drive-dublin-9-whitehall-dublin-9/5868259
2024-10-01 21:28:06,https://www.daft.ie/share/-saint-teresas-road-dublin-12-kimmage-dublin-12/5868194
2024-10-01 21:28:33,https://www.daft.ie/share/fitzroy-avenue-dublin-3-ballybough-dublin-3/5868815
2024-10-01 21:32:02,https://www.daft.ie/share/temple-lawns-santry-dublin-9/5868445
2024-10-01 21:32:29,https://www.daft.ie/share/261-north-circular-road-dublin-7-north-circular-road-dublin-7/5869059
2024-10-01 21:32:56,https://www.daft.ie/share/richmond-road-drumcondra-dublin-3/5853772
2024-10-01 21:33:23,https://www.daft.ie/share/oldcourt-lodge-dublin-24-firhouse-dublin-24/5832686
2024-10-01 21:33:51,https://www.daft.ie/share/brennanstown-wood-dublin-18-cabinteely-dublin-18/5868803
2024-10-01 21:37:20,https://www.daft.ie/share/collegefort-castleknock-dublin-15-strawberry-beds-co-dublin/5869041
2024-10-01 21:37:47,https://www.daft.ie/share/sundrive-road-harolds-cross-dublin-6/5869098
2024-10-01 21:38:14,https://www.daft.ie/share/dublin-1-dublin-1/5868779
2024-10-01 21:38:42,https://www.daft.ie/share/ellensborough-kiltipper-dublin-24-kiltipper-co-dublin/5868732
2024-10-01 21:42:38,https://www.daft.ie/share/apartment-623-block-u-charlestown-place-saint-m-finglas-dublin-11/5867900
2024-10-01 21:43:37,https://www.daft.ie/share/1a-strand-mews-saint-johns-road-dublin-4-sandymount-dublin-4/5868793
2024-10-01 21:44:04,https://www.daft.ie/share/the-wood-millbrook-lawns-tallaght-dublin-24/5868672
2024-10-01 21:44:31,https://www.daft.ie/share/castlefield-hall-clonsilla-dublin-15-clonsilla-dublin-15/5868627
2024-10-01 21:47:58,https://www.daft.ie/share/apartment-70-knockmaree-lucan-road-dublin-20-chapelizod-dublin-20/5868616
2024-10-01 21:48:25,https://www.daft.ie/share/harolds-cross-road-terenure-dublin-6/5868829
2024-10-01 21:48:52,https://www.daft.ie/share/windmill-court-dublin-15-coolmine-dublin-15/5868401
